,high,medium,low
obj_min,0.43222463348864115,1.1749656201904575,2.154690121438516
obj_max,0.6035096220595345,1.9845578601309914,2.483438955649177
vendi_min,2.3921469022201287,2.166708371220235,2.0431671072117656
vendi_max,6.505295193464091,6.313569938817147,5.846067264767128
